aa_substitution	score	sd	comments
p.G4R	0.3504999999999994	1	NA
p.A5T	0.3004999999999994	1	NA
p.A5V	0.2672999999999995	1	NA
p.R7P	0.2906999999999995	1	NA
p.L9F	0.26069999999999954	1	NA
p.L9V	0.2639999999999995	1	NA
p.L10F	0.28049999999999947	1	NA
p.L13Q	0.5034999999999992	1	NA
p.A14T	0.28709999999999936	1	NA
p.V19A	0.22779999999999967	1	NA
p.I25V	0.2508999999999995	1	NA
p.Y35S	0.7049999999999986	1	NA
p.G39D	0.5989999999999989	1	NA
p.G39R	0.6420999999999988	1	NA
p.G39S	0.3999999999999996	1	NA
p.Y41C	0.6484999999999986	1	NA
p.S46P	0.6919999999999987	1	NA
p.T48I	0.7152999999999986	1	NA
p.L54P	0.7254999999999986	1	NA
p.L54V	0.3170999999999996	1	NA
p.R60W	0.6650999999999988	1	NA
p.F61L	0.33059999999999945	1	NA
p.V66A	0.25759999999999966	1	NA
p.G81R	0.7082999999999986	1	NA
p.G81S	0.6979999999999987	1	NA
p.R82P	0.6978999999999985	1	NA
p.P84L	0.48259999999999903	1	NA
p.R86Q	0.2906999999999995	1	NA
p.R86W	0.7177999999999986	1	NA
p.Y90C	0.5527999999999991	1	NA
p.G92D	0.4196999999999993	1	NA
p.L94V	0.3403999999999995	1	NA
p.V95M	0.32029999999999953	1	NA
p.S98F	0.5625999999999989	1	NA
p.R99P	0.23759999999999962	1	NA
p.R99Q	0.2672999999999995	1	NA
p.G101V	0.7043999999999986	1	NA
p.V109M	0.27409999999999946	1	NA
p.A110T	0.5922999999999989	1	NA
p.L113P	0.6812999999999986	1	NA
p.R116G	0.3038999999999994	1	NA
p.G117D	0.6324999999999991	1	NA
p.G117V	0.7111999999999986	1	NA
p.G124C	0.7079999999999985	1	NA
p.G124S	0.7359999999999988	1	NA
p.G129R	0.7157999999999989	1	NA
p.E133K	0.3071999999999996	1	NA
p.A135D	0.29399999999999954	1	NA
p.P138L	0.7487999999999987	1	NA
p.P138S	0.7461999999999991	1	NA
p.P138T	0.796399999999999	1	NA
p.P139L	0.36039999999999944	1	NA
p.H140D	0.2609999999999998	1	NA
p.H140Y	0.3236999999999996	1	NA
p.R145Q	0.2474999999999996	1	NA
p.F146L	0.6784999999999987	1	NA
p.G148R	0.6845999999999987	1	NA
p.G148S	0.6637999999999984	1	NA
p.I149T	0.49949999999999917	1	NA
p.P150L	0.6452999999999985	1	NA
p.P150R	0.6944999999999986	1	NA
p.S152T	0.4827999999999992	1	NA
p.D154H	0.6873999999999983	1	NA
p.D154N	0.48279999999999906	1	NA
p.Q155H	0.6422999999999986	1	NA
p.G156D	0.6321999999999991	1	NA
p.C158F	0.5621999999999987	1	NA
p.Q159H	0.45019999999999927	1	NA
p.T162S	0.3073999999999997	1	NA
p.F164L	0.7081999999999986	1	NA
p.P166L	0.5419999999999989	1	NA
p.A167S	0.2739999999999994	1	NA
p.A167V	0.2804999999999994	1	NA
p.D171N	0.2804999999999994	1	NA
p.D171Y	0.27079999999999943	1	NA
p.G172C	0.4561999999999993	1	NA
p.G172S	0.3738999999999995	1	NA
p.C174R	0.46599999999999914	1	NA
p.G177D	0.3068999999999993	1	NA
p.V179G	0.6820999999999988	1	NA
p.I181S	0.27719999999999945	1	NA
p.A185S	0.28709999999999947	1	NA
p.S188A	0.32369999999999927	1	NA
p.V189M	0.2936999999999996	1	NA
p.A191V	0.3073999999999994	1	NA
p.P193T	0.6884999999999988	1	NA
p.P194A	0.2573999999999997	1	NA
p.P194L	0.32359999999999955	1	NA
p.W195C	0.036300000000000006	1	NA
p.G198R	0.2906999999999994	1	NA
p.A201S	0.2707999999999995	1	NA
p.A201V	0.31409999999999955	1	NA
p.R202C	0.4440999999999994	1	NA
p.R202H	0.2442999999999997	1	NA
p.Y203C	0.7761999999999989	1	NA
p.Y203H	0.793099999999999	1	NA
p.F206V	0.5434999999999992	1	NA
p.A207D	0.618399999999999	1	NA
p.A207T	0.33069999999999944	1	NA
p.H208Y	0.2542999999999996	1	NA
p.L210H	0.4005999999999994	1	NA
p.M211I	0.4530999999999992	1	NA
p.D213N	0.2939999999999995	1	NA
p.A214D	0.3831999999999994	1	NA
p.A214P	0.6854999999999989	1	NA
p.A214T	0.37339999999999945	1	NA
p.A214V	0.3674999999999995	1	NA
p.Q215H	0.23779999999999968	1	NA
p.R216C	0.41999999999999926	1	NA
p.R216H	0.2972999999999997	1	NA
p.R219C	0.559199999999999	1	NA
p.R219H	0.3706999999999994	1	NA
p.P220L	0.22479999999999972	1	NA
p.P220S	0.6582999999999986	1	NA
p.P220T	0.536299999999999	1	NA
p.Y224C	0.662399999999999	1	NA
p.Y225C	0.33039999999999964	1	NA
p.A226V	0.6481999999999987	1	NA
p.S227C	0.3303999999999996	1	NA
p.H228D	0.5784999999999987	1	NA
p.P233A	0.6752999999999987	1	NA
p.Q234R	0.6255999999999989	1	NA
p.F235L	0.5894999999999989	1	NA
p.Q238E	0.2541999999999996	1	NA
p.R243C	0.24089999999999973	1	NA
p.R243H	0.2475999999999997	1	NA
p.S244L	0.6382999999999985	1	NA
p.R246C	0.6482999999999987	1	NA
p.R246H	0.5122999999999989	1	NA
p.G247R	0.5657999999999987	1	NA
p.F249S	0.5488999999999989	1	NA
p.L253V	0.49349999999999933	1	NA
p.M254T	0.47619999999999907	1	NA
p.E255K	0.6480999999999986	1	NA
p.D257E	0.7185999999999987	1	NA
p.D257H	0.6771999999999985	1	NA
p.D257N	0.6309999999999986	1	NA
p.G261R	0.6684999999999988	1	NA
p.G261R	0.6684999999999988	1	NA
p.I267T	0.45579999999999926	1	NA
p.I267V	0.25419999999999954	1	NA
p.G268R	0.26419999999999955	1	NA
p.G268V	0.32379999999999953	1	NA
p.G271R	0.6913999999999986	1	NA
p.L272Q	0.5781999999999987	1	NA
p.E274K	0.25419999999999965	1	NA
p.T276M	0.6805999999999983	1	NA
p.T276S	0.5818999999999989	1	NA
p.V278F	0.5055999999999989	1	NA
p.I279M	0.4591999999999991	1	NA
p.T281I	0.6742999999999985	1	NA
p.N284S	0.6878999999999986	1	NA
p.P286T	0.6822999999999988	1	NA
p.E287Q	0.48279999999999906	1	NA
p.T288N	0.5226999999999989	1	NA
p.T288P	0.24089999999999964	1	NA
p.M289T	0.3010999999999997	1	NA
p.R290C	0.7117999999999987	1	NA
p.R290H	0.2804999999999995	1	NA
p.S292F	0.2776999999999996	1	NA
p.R293Q	0.29739999999999944	1	NA
p.G295C	0.7451999999999986	1	NA
p.G295S	0.6524999999999989	1	NA
p.G298S	0.652699999999999	1	NA
p.L299P	0.2839999999999996	1	NA
p.L300F	0.6424999999999988	1	NA
p.R301G	0.7191999999999988	1	NA
p.R301Q	0.42369999999999924	1	NA
p.R301W	0.749399999999999	1	NA
p.G303R	0.7354999999999987	1	NA
p.T306M	0.7181999999999985	1	NA
p.E309K	0.6716999999999989	1	NA
p.G311S	0.6026999999999989	1	NA
p.R313Q	0.722699999999999	1	NA
p.E314D	0.6324999999999988	1	NA
p.A316T	0.7023999999999988	1	NA
p.L317F	0.3470999999999996	1	NA
p.F319C	0.5063999999999991	1	NA
p.W320G	0.6492999999999989	1	NA
p.I324T	0.6129999999999991	1	NA
p.I324V	0.3999999999999993	1	NA
p.A325T	0.2874999999999995	1	NA
p.G327S	0.6017999999999987	1	NA
p.T329I	0.6981999999999985	1	NA
p.H330R	0.23779999999999976	1	NA
p.D337V	0.6194999999999989	1	NA
p.L342V	0.28409999999999963	1	NA
p.G347R	0.5387999999999992	1	NA
p.N352H	0.5123999999999991	1	NA
p.N352S	0.029800000000000004	1	NA
p.T354S	0.48369999999999913	1	NA
p.D356V	0.7211999999999983	1	NA
p.D359N	0.4398999999999994	1	NA
p.D359Y	0.6718999999999988	1	NA
p.R372Q	0.7059999999999989	1	NA
p.R372W	0.671999999999999	1	NA
p.Q373P	0.31729999999999964	1	NA
p.Y378N	0.7081999999999985	1	NA
p.P379L	0.5230999999999991	1	NA
p.P379Q	0.522699999999999	1	NA
p.Y381H	0.2839999999999994	1	NA
p.E384K	0.3203999999999997	1	NA
p.R386C	0.40329999999999927	1	NA
p.R386G	0.3072999999999997	1	NA
p.R386H	0.2674999999999995	1	NA
p.G387A	0.6056999999999988	1	NA
p.F389S	0.5532999999999991	1	NA
p.R392G	0.6578999999999986	1	NA
p.R392L	0.7186999999999985	1	NA
p.R392Q	0.6988999999999989	1	NA
p.R392W	0.6716999999999986	1	NA
p.T393A	0.2707999999999995	1	NA
p.T393S	0.0799	1	NA
p.G394R	0.6024999999999989	1	NA
p.H399Q	0.7123999999999989	1	NA
p.H399Y	0.619199999999999	1	NA
p.F401L	0.5130999999999992	1	NA
p.Q403E	0.36699999999999944	1	NA
p.S405F	0.5132999999999991	1	NA
p.S405P	0.572699999999999	1	NA
p.A406S	0.2474999999999996	1	NA
p.S408G	0.6685999999999989	1	NA
p.S408N	0.5096999999999992	1	NA
p.S408T	0.4830999999999992	1	NA
p.T410I	0.36049999999999954	1	NA
p.D413G	0.5503999999999992	1	NA
p.A418T	0.31039999999999934	1	NA
p.S420R	0.4538999999999994	1	NA
p.S421C	0.3103999999999996	1	NA
p.L422P	0.546099999999999	1	NA
p.A424V	0.28729999999999944	1	NA
p.H425D	0.6359999999999989	1	NA
p.H425Y	0.635899999999999	1	NA
p.E426G	0.4702999999999993	1	NA
p.P428L	0.34709999999999924	1	NA
p.L429P	0.6813999999999986	1	NA
p.L430F	0.7023999999999988	1	NA
p.L430P	0.7280999999999987	1	NA
p.Y431C	0.6862999999999989	1	NA
p.Y431S	0.5497999999999993	1	NA
p.D432Y	0.6854999999999991	1	NA
p.L433V	0.2903999999999993	1	NA
p.D436N	0.6911999999999986	1	NA
p.P437T	0.6712999999999988	1	NA
p.G438S	0.29379999999999945	1	NA
p.G438V	0.6320999999999988	1	NA
p.N440K	0.3338999999999996	1	NA
p.N442S	0.30029999999999935	1	NA
p.G445V	0.22789999999999974	1	NA
p.G449R	0.2969999999999993	1	NA
p.P452L	0.3238999999999996	1	NA
p.A457T	0.2739999999999996	1	NA
p.K459E	0.29419999999999963	1	NA
p.K459R	0.29729999999999973	1	NA
p.Q460E	0.2607999999999995	1	NA
p.L464P	0.5993999999999989	1	NA
p.A466V	0.30769999999999975	1	NA
p.A470T	0.23769999999999972	1	NA
p.G475S	0.28389999999999943	1	NA
p.S477C	0.7019999999999987	1	NA
p.Q478H	0.6520999999999987	1	NA
p.V479M	0.2508999999999995	1	NA
p.A480V	0.2678999999999998	1	NA
p.R481Q	0.2804999999999994	1	NA
p.R481W	0.33719999999999944	1	NA
p.G482D	0.4565999999999992	1	NA
p.G482S	0.2973999999999995	1	NA
p.E483K	0.24419999999999958	1	NA
p.D484H	0.4926999999999992	1	NA
p.P485S	0.33079999999999976	1	NA
p.A486T	0.2706999999999995	1	NA
p.C491G	0.519699999999999	1	NA
p.T496I	0.3233999999999992	1	NA
p.R498H	0.0199	1	NA
p.R498L	0.2672999999999995	1	NA
p.R498P	0.28389999999999943	1	NA
p.H503Y	0.2507999999999996	1	NA
